{
  "nombre_rutina": "11_confusion",
  "fecha_creacion": "2026-07-09 10:34:48",
  "robot": "unitree_g1",
  "modelo": "g1_23dof",
  "requiere_robot_quieto": true,
  "descripcion": "pose de confusion para interacción social del Unitree G1 23 DoF.",
  "numero_pasos": 2,
  "pasos": [
    {
      "nombre": "Pose segura neutral",
      "posiciones": {
        "12": 0.00133,
        "15": -0.04299,
        "16": 0.14,
        "17": 0.05236,
        "18": 1.05747,
        "19": 0.0,
        "22": -0.042555,
        "23": -0.2168,
        "24": 0.15708,
        "25": 1.073175,
        "26": 0.0
      },
      "duracion": 1.0
    },    
    {
      "nombre": "pose confusion",
      "posiciones": {
        "12": 0.0,
        "15": -0.699015,
        "16": 0.0056,
        "17": 0.89012,
        "18": -0.38739,
        "19": -1.972,
        "22": -0.699015,
        "23": -0.0248,
        "24": -0.89012,
        "25": -0.38739,
        "26": 1.20292
      },
      "duracion": 2.5
    },
    {
      "nombre": "sostener confusion",
      "posiciones": {
        "12": 0.0,
        "15": -0.699015,
        "16": 0.0056,
        "17": 0.89012,
        "18": -0.38739,
        "19": -1.972,
        "22": -0.699015,
        "23": -0.0248,
        "24": -0.89012,
        "25": -0.38739,
        "26": 1.20292
      },
      "duracion": 2.0
    },
    {
      "nombre": "Pose segura neutral",
      "posiciones": {
        "12": 0.00133,
        "15": -0.04299,
        "16": 0.14,
        "17": 0.05236,
        "18": 1.05747,
        "19": 0.0,
        "22": -0.042555,
        "23": -0.2168,
        "24": 0.15708,
        "25": 1.073175,
        "26": 0.0
      },
      "duracion": 2.5
    } 
  ]
}