{
  "nombre_rutina": "40_dab",
  "fecha_creacion": "2026-07-08 15:00:48",
  "robot": "unitree_g1",
  "modelo": "g1_23dof",
  "requiere_robot_quieto": true,
  "descripcion": "hacer dab para interacción social del Unitree G1 23 DoF.",
  "numero_pasos": 2,
  "pasos": [
    {
      "nombre": "Pose segura neutral",
      "posiciones": {
        "12": 0.00133,
        "15": -0.04299,
        "16": 0.14,
        "17": 0.05236,
        "18": 1.05747,
        "19": 0.0,
        "22": -0.042555,
        "23": -0.2168,
        "24": 0.15708,
        "25": 1.073175,
        "26": 0.0
      },
      "duracion": 1.0
    },
    {
      "nombre": "dab",
      "posiciones": {
        "12": 0.001559,
        "15": -0.029454,
        "16": 1.6568,
        "17": 0.31416,
        "18": 0.916125,
        "19": -0.5916,
        "22": -1.678045,
        "23": -0.4088,
        "24": 0.89012,
        "25": -0.4188,
        "26": 2.9e-05
      },
      "duracion": 3.5
    },
    {
      "nombre": "sostener dab",
      "posiciones": {
        "12": 0.001559,
        "15": -0.029454,
        "16": 1.6568,
        "17": 0.31416,
        "18": 0.916125,
        "19": -0.5916,
        "22": -1.678045,
        "23": -0.4088,
        "24": 0.89012,
        "25": -0.4188,
        "26": 2.9e-05
      },
      "duracion": 2.0
    },
    {
      "nombre": "Pose segura neutral",
      "posiciones": {
        "12": 0.00133,
        "15": -0.04299,
        "16": 0.14,
        "17": 0.05236,
        "18": 1.05747,
        "19": 0.0,
        "22": -0.042555,
        "23": -0.2168,
        "24": 0.15708,
        "25": 1.073175,
        "26": 0.0
      },
      "duracion": 3.0
    }
  ]
}